{"cov": {"0": [[0.06143810549471747, -0.024997782759187476, -0.024997782759187476, 0.0814997459336095], [0.026192707682993106, 0.005659091826380901, 0.005659091826380901, 0.028755915958709435], [0.02579723989760043, -0.020131241122760185, -0.020131241122760185, 0.04815116589858578]], "1": [[0.05131186699711383, -0.026374479682924137, -0.026374479682924137, 0.018832288774893624], [0.023110754433358024, -0.006975507686132009, -0.006975507686132009, 0.028368335922627625], [0.06106465465915254, -0.024677604606581322, -0.024677604606581322, 0.08128286576290858]], "2": [[0.02717033282664082, -0.0084004126553712, -0.0084004126553712, 0.040441962978892076], [0.035968049493834434, 0.015492720439464055, 0.015492720439464055, 0.019351843047296858], [0.036049434543354936, 0.01463883382318165, 0.01463883382318165, 0.01629148685149031]], "3": [[0.024381886843710305, -0.021699897797951555, -0.021699897797951555, 0.04981001562952896], [0.06142322287095428, -0.024976574437304104, -0.024976574437304104, 0.08148258768051732], [0.0257808329713743, 0.0016988508638069318, 0.0016988508638069318, 0.030868867904569303]], "4": [[0.035968049493834434, 0.015492720439464055, 0.015492720439464055, 0.019351843047296858], [0.036049434543354936, 0.014638833823181659, 0.014638833823181659, 0.01629148685149032], [0.02717033282664082, -0.0084004126553712, -0.0084004126553712, 0.040441962978892076]]}, "mu": {"0": [[-0.4804644837314208, 1.2204770421199727], [0.7360701898339921, 0.7242845614019914], [0.7840907619764339, 0.6364696508451686]], "1": [[0.7345454713555919, 0.3830793683512452], [0.7634333458262508, 0.7247014481610088], [-0.4810289597717845, 1.2209360315919802]], "2": [[0.7589603463932411, 0.6797694399017237], [-0.6394637166412946, 1.4746035002427056], [-0.32592059965446146, 0.971335918925847]], "3": [[0.8094747560473972, 0.6047908316826127], [-0.48048922947131856, 1.2205071578887419], [0.7339987011267144, 0.7200192713524651]], "4": [[-0.6394637166412946, 1.4746035002427056], [-0.32592059965446146, 0.9713359189258469], [0.7589603463932411, 0.6797694399017237]]}}